date,symbol,name,Close,market_regime,final_score,fundamental_rank,fundamental_score,technical_score,stable_ensemble_score,rs20_rank_pct,rs60_rank_pct,ret5,ret20,ret60,rsi14,volume_ratio,ma20_deviation
2026-07-14,2059.TW,川湖,7995.0,bull,88.51091912178384,1.0,100.0,84.68122549571179,0.1557945148968678,0.0656799259944495,0.0157407407407407,-0.0320823244552057,0.1487068965517242,1.1964285714285716,58.78136200716845,0.7649876044354181,0.0541235414331862
2026-07-14,2423.TW,固緯,81.69999694824219,bull,85.77789922101651,15.0,96.18369172987968,82.30930171806212,0.6599221017439233,0.1054579093432007,0.05,0.122252658288446,0.0910152522937532,0.6407680822680655,56.31769370687461,2.1490694185283163,0.0780141604081343
2026-07-14,6446.TW,藥華藥,1200.0,bull,82.88198554835176,13.0,96.8555062833974,78.22414530333654,0.3371130704589528,0.03422756706753,0.0342592592592592,-0.1086467359844709,0.2605042016806722,0.8376722817764166,54.013911495995394,1.2999120523161476,0.0044460870505738
2026-07-14,2645.TW,長榮航太,241.0,bull,82.78523778540139,102.0,76.79149551810622,84.7831518744998,0.6380423742923742,0.0194264569842738,0.0712962962962963,0.1474482963844665,0.4134897360703813,0.5015576323987538,71.48739001225712,1.9421976410277495,0.2170628569628063
2026-07-14,2408.TW,南亞科,448.0,bull,82.11229708875709,2.0,100.0,76.14972945167612,0.2497046321529108,0.0767807585568917,0.0185185185185185,0.1116625310173697,0.1327433628318584,1.1333333333333333,50.99386946674148,1.2244878185776,0.0245446001983902
2026-07-14,6525.TW,捷敏-KY,181.5,bull,82.08399114869866,101.0,76.8341855135769,83.83392636040591,0.5115447317388493,0.0231267345050878,0.0194444444444444,-0.1787330316742081,0.3802281368821292,1.0931024291779026,55.47703180212015,0.93171908540519,0.0738056500517674
2026-07-14,5269.TW,祥碩,1525.0,bull,81.90051477784745,47.0,87.63352452318074,79.98951152940302,0.7257352330022918,0.093432007400555,0.1981481481481481,0.0166666666666666,0.1050724637681159,0.2007874015748032,62.50000000000001,1.1430264964673509,0.0386514558147454
2026-07-14,2395.TW,研華,529.0,bull,81.49453872316852,49.0,87.43653384699755,79.51387368189218,0.4533904889228418,0.1063829787234042,0.0953703703703703,0.0654582074521652,0.0907216494845359,0.4453551912568305,64.8,0.9216445732625016,0.0517421343009094
2026-07-14,5434.TW,崇越,550.0,bull,81.23296425588971,203.0,65.82773904429318,86.36803932642188,0.652825064935065,0.0555041628122109,0.124074074074074,0.0658914728682169,0.1752136752136752,0.3189448441247002,64.8780487804878,1.545073589365575,0.0708201508882939
2026-07-14,4916.TW,事欣科,110.0,bull,80.19242698986105,182.0,67.75200750418804,84.33923348508539,0.1692036662673455,0.0925069380203515,0.0518518518518518,0.0232558139534884,0.1055276381909546,0.622418806029067,57.44308151613023,1.6982215403549652,0.0381765888843332
2026-07-14,3004.TW,豐達科,153.5,bull,79.17576672497276,270.0,59.60481555561746,85.69941711475786,0.6224306531703591,0.0888066604995374,0.1111111111111111,0.0477815699658703,0.1123188405797102,0.3584070796460177,66.66666666666666,1.5691996683677911,0.0923323252090375
2026-07-14,1708.TW,東鹼,56.59999847412109,bull,78.98555983841725,246.0,61.66803457963997,84.75806825800967,0.7784631408032662,0.0508788159111933,0.0722222222222222,-0.0566666920979819,0.1940927563729986,0.5008267147934102,60.89108303217053,0.5648535709989424,0.0385320857285387
2026-07-14,1326.TW,台化,67.0,bull,78.46927065091025,685.0,29.94873186889634,94.6427835782482,0.1788123949579832,0.0277520814061054,0.1175925925925926,0.0584518295029172,0.3132890481955486,0.328739492390764,61.83206032773977,1.6792393227384887,0.1346729256377965
2026-07-14,2527.TW,宏璟,41.75,bull,78.14819843726282,75.0,82.24426248497689,76.78284375469146,0.8636859868000851,0.1295097132284921,0.2490740740740741,-0.0199530165391308,0.0664111972614469,0.1376021561874232,57.19298170470702,1.5514531119521666,0.0183547767828
2026-07-14,6491.TW,晶碩,357.5,bull,77.28105725682073,52.0,86.74813401220891,74.12536500502468,0.7045540290656767,0.064754856614246,0.1879629629629629,-0.0542328042328041,0.1495176848874597,0.2180579216354343,67.40331491712706,0.985930245368586,0.0345825495586744
2026-07-14,6753.TW,龍德造船,157.5,bull,77.22593932958915,117.0,75.40121337756102,77.83418131359852,0.8283093544690605,0.030527289546716,0.25,0.0714285714285714,0.2962962962962963,0.1371841155234656,72.41379310344828,3.114012930395452,0.1450381679389312
2026-07-14,3416.TW,融程電,181.5,bull,76.99781878049416,88.0,79.62654194597235,76.12157772533476,0.6010959931245226,0.1480111008325624,0.2166666666666666,-0.0027472527472527,0.0548193215548504,0.1701901556641871,63.05166836533462,1.0335949870802976,0.0357390085001714
2026-07-14,6505.TW,台塑化,66.19999694824219,bull,76.42345163894989,193.0,66.8716639923295,79.60738085449002,0.4355809530004011,0.032377428307123,0.1768518518518518,0.1413792577283135,0.2702540957327668,0.2332339152736413,73.50425998883955,3.175723411560467,0.1726453156516412
2026-07-14,6409.TW,旭隼,1080.0,bull,76.40202921227346,235.0,62.88856390334461,80.90651764858308,0.8309918869365929,0.062904717853839,0.1064814814814814,-0.0886075949367088,0.1526147278548559,0.382842509603073,62.225475841874086,0.9184813364873894,0.021808032546478
2026-07-14,2480.TW,敦陽科,158.5,bull,75.15527025262125,141.0,72.57043193555015,76.01688302497827,0.8146336485741837,0.1332099907493062,0.2074074074074074,-0.0216049382716049,0.0659045275916776,0.1872887160059655,62.12121212121212,0.8197803857704564,0.0173299101412065
2026-07-14,4764.TW,雙鍵,331.5,bull,74.6619496849132,207.0,65.41829051610917,77.74316940784787,0.5983726099706745,0.0518038852913968,0.0583333333333333,0.1161616161616161,0.1924460431654675,0.5670587634485502,52.65822784810127,2.491195100439477,0.0602910602910604
2026-07-14,2330.TW,台積電,2420.0,bull,74.04211863586706,5.0,99.15374073493592,65.67157793617743,0.24252115355233,0.272895467160037,0.2018518518518518,-0.0081967213114754,0.0189473684210526,0.195298643780186,53.48837209302325,1.2701189772698804,-0.0033975084937711
2026-07-14,4169.TW,泰宗,243.0,bull,74.02316588731068,628.0,33.16561136372463,87.64235072850603,0.1908400856798897,0.0092506938020351,0.0879629629629629,-0.0932835820895522,0.5986842105263157,0.4594594594594594,65.92356687898089,1.070749057861059,0.1332633788037776
2026-07-14,3617.TW,碩天,226.0,bull,73.92797119460688,123.0,74.61371274804436,73.6993906767944,0.6186898395721925,0.1600370027752081,0.212037037037037,0.043879907621247,0.0487238979118329,0.1770833333333332,57.954545454545446,0.8489311145304526,0.0262231808377795
2026-07-14,1623.TW,大東電,234.5,bull,73.19301974444087,109.0,76.38239089054767,72.12989602907196,0.7347069294991307,0.1026827012025902,0.2731481481481481,0.0173535791757049,0.0932400932400931,0.1193317422434367,61.8705035971223,1.32221765288132,0.0638539185664057
2026-07-14,2601.TW,益航,7.199999809265137,bull,73.07031018304748,568.0,37.53973905839439,84.91383389126518,0.8584216983783481,0.0434782608695652,0.1453703703703703,0.0480349241926076,0.2307692182291343,0.2765957410831661,72.80219355552022,1.5822929171933688,0.1586739427075927
2026-07-14,2851.TW,中再保,37.650001525878906,bull,72.77867710399397,201.0,65.92494981784269,75.06325286604441,0.5541661290894898,0.1535615171137835,0.112037037037037,-0.0220778824447037,0.0531567849963079,0.3543132937346769,57.75360153631279,0.5475130128011944,0.012937604513769
2026-07-14,2377.TW,微星,147.0,bull,72.49219641189248,263.0,60.05362798212559,76.63838588848144,0.5759076165011459,0.1572617946345976,0.0537037037037037,0.0729927007299269,0.05,0.5995647177285957,66.66666666666666,0.896809907623842,0.0479415433968988
2026-07-14,1342.TW,八貫,117.5,bull,72.45907022759204,87.0,79.88923349459898,69.98234913858973,0.8997842691860984,0.2756706753006475,0.1416666666666666,0.0398230088495574,0.0173160173160173,0.2897914595835957,53.846153846153854,1.94918902228268,0.0318331503841931
2026-07-14,2305.TW,全友,36.95000076293945,bull,71.97045717387842,307.0,55.093877523246825,77.59598372408895,0.2052702005012531,0.0249768732654949,0.0203703703703703,-0.0377604350344167,0.3387681250811574,1.0875705745903672,46.486485594811576,1.801460801054606,0.0064006702812173
